"Rating","Average Rate"
"PG",3.0518556701030928
"PG-13",3.034843049327354
"NC-17",2.970952380952381
"R",2.9387179487179487
"G",2.888876404494382
